S,L_median,L_PI,stab
5,5.0,3.0,0.9476143884311011
6,7.0,4.0,0.9066971585230282
7,9.0,6.0,0.8704162649163748
8,11.0,7.0,0.8413663678903553
9,14.0,9.0,0.8169946361996557
10,16.0,11.0,0.7959777951605801
11,19.0,14.0,0.7751082305412771
12,21.0,15.0,0.7582013292453168
13,24.0,18.0,0.7407065142549698
14,26.0,22.0,0.726916294311847
15,31.0,25.159999999999997,0.7117548019822618
16,32.5,27.0,0.6985722238124027
17,36.0,31.0,0.6870044498931059
18,40.0,35.0,0.6766027454066449
19,44.0,39.15999999999997,0.6652557836593675
20,49.0,44.319999999999965,0.6549556353990451
21,52.0,48.0,0.6446381956939056
22,58.0,53.0,0.6357896943114986
23,59.0,54.0,0.6270008794139191
24,65.0,61.0,0.6190274158946276
25,69.0,66.16,0.6104959193625568
26,76.0,73.16,0.6028905788138273
27,79.0,78.0,0.595649711020373
28,88.0,87.0,0.5885821171062666
29,93.0,91.0,0.58166998767439
30,97.0,96.0,0.5752994163425794
31,104.0,104.15999999999997,0.5689214453636279
32,108.5,114.0,0.5630908480168823
33,118.0,124.0,0.5571059584606568
34,120.0,130.16,0.5513390194504922
35,124.0,127.0,0.5461473846995081
36,134.0,148.0,0.5407713735966443
37,135.0,156.0,0.535460107015637
38,148.0,150.0,0.5306660585572838
39,153.0,174.0,0.5256438075352128
40,155.5,168.15999999999997,0.5209697844339346
41,160.5,172.47999999999993,0.5163749073316742
42,170.5,185.16,0.5120375256280496
43,182.5,194.0,0.5078135741651842
44,187.5,215.15999999999997,0.5035117651195177
45,198.0,225.31999999999996,0.49934101107134915
46,214.0,236.15999999999997,0.4954717445223117
47,211.0,242.15999999999997,0.49160989649627046
48,216.5,233.0,0.4876230356034788
49,230.0,259.6399999999999,0.4839694733944797
50,237.0,276.31999999999994,0.48039286058685426
51,246.5,276.31999999999994,0.4768974044105634
52,259.0,292.0,0.4735259451443924
53,258.5,308.15999999999997,0.47004948523889856
54,267.0,325.4799999999999,0.46683325447770097
55,276.0,337.15999999999997,0.463590079542673
56,282.0,328.0,0.46037984102162977
57,301.0,341.15999999999997,0.4573432726125363
58,313.0,381.15999999999997,0.4543688907665267
59,323.5,384.0,0.45130973456339074
60,334.0,363.15999999999997,0.44843956402494917
61,338.0,441.6399999999999,0.44562649999969506
62,362.0,426.0,0.44285959503391487
63,375.5,460.0,0.4401498916671848
64,377.0,481.15999999999997,0.43738162532628866
65,365.0,430.31999999999994,0.4348404624106006
66,389.0,493.15999999999997,0.4322570258996594
67,398.0,506.0,0.42967511722941465
68,419.0,504.0,0.4272529792946165
69,441.0,521.3199999999999,0.42480927401491986
70,443.5,500.15999999999997,0.42238190909092316
71,447.5,539.3199999999999,0.4200246917623981
72,469.5,587.6399999999999,0.41771556345052197
73,483.5,587.4799999999999,0.41545968768154345
74,507.0,574.3199999999999,0.4132041334403737
75,507.5,598.4799999999999,0.4110044729675012
76,504.0,592.3199999999999,0.4088222824322247
77,531.5,646.3199999999999,0.40670123487528986
78,533.5,627.0,0.4046031963480063
79,551.0,693.48,0.4025219123111193
80,589.0,702.0,0.40051870415994456
81,591.0,709.4799999999999,0.39850707612041925
82,602.0,751.4799999999998,0.3965700555137481
83,578.5,751.7999999999998,0.3946109474260833
84,613.0,748.0,0.3926648594343463
85,632.5,776.16,0.3908321442071097
86,618.0,763.1599999999999,0.38895771963097286
87,661.5,824.4799999999998,0.387174860853807
88,659.5,835.48,0.38532831535952644
89,712.5,843.1599999999999,0.3835897280676366
90,699.0,828.3199999999998,0.3818353147094047
91,720.0,897.16,0.38011490689460853
92,750.0,955.16,0.3783834890413617
93,762.0,896.4399999999998,0.37672945412418196
94,763.0,974.1599999999999,0.3750660213060028
95,787.5,989.8,0.37339693461127293
96,792.5,1022.6399999999999,0.371819582580634
97,837.0,1070.0,0.3702093186020682
98,874.0,1075.1599999999999,0.36870650572354097
99,852.5,1065.9599999999998,0.3671234875146274
100,850.5,1093.7999999999997,0.36559889672121076
101,869.0,1155.8,0.3640821829742951
102,894.0,1095.96,0.3625895333113554
103,941.0,1130.1599999999999,0.3611206437405025
104,964.0,1243.1599999999999,0.3596702149871645
105,952.0,1239.3199999999997,0.3582286841611484
106,979.0,1281.48,0.35682125465582953
107,961.5,1189.32,0.3554259618594958
108,975.0,1304.44,0.3540465493025156
109,1002.5,1258.4399999999996,0.35266460448480114
110,1051.5,1232.7999999999997,0.35131553821063777
111,1046.5,1371.9599999999996,0.34997422326363303
112,1085.5,1329.4399999999998,0.34868683912341925
113,1076.5,1355.32,0.34735410983308584
114,1098.0,1398.6,0.34607146105653125
115,1160.0,1395.6399999999999,0.34480744111726275
116,1178.5,1532.9599999999996,0.3435429081840294
117,1179.0,1462.6399999999999,0.3422946279055241
118,1140.0,1540.48,0.341063967410476
119,1182.5,1616.7999999999997,0.3398368005339301
120,1227.5,1588.32,0.3386075116743944
121,1264.5,1630.1599999999999,0.3374444432702444
122,1279.0,1634.2399999999996,0.3362725024142654
123,1315.0,1579.9599999999998,0.33511672734577663
124,1252.0,1715.12,0.3339481653723153
125,1371.0,1685.8799999999997,0.3328090924099318
126,1327.0,1738.8,0.33166714291247007
127,1393.0,1737.2799999999997,0.3305461236744811
128,1462.5,1835.3199999999997,0.3294383216030347
129,1413.5,1782.7999999999997,0.3283474208357074
130,1327.5,1758.2799999999997,0.3272645523013637
131,1464.0,1831.12,0.3261932208597641
132,1464.5,1835.4399999999996,0.3251258422808055
133,1435.0,1879.3199999999997,0.32406781588991745
134,1531.0,1955.4799999999996,0.3230287801028748
135,1506.5,1976.3199999999997,0.3220012614902216
136,1535.0,1967.3199999999997,0.32098397503020953
137,1584.5,1985.12,0.3199630827993042
138,1595.0,2046.0799999999995,0.31896764569860514
139,1637.5,2039.9199999999996,0.3179712637780344
140,1555.5,1995.2399999999993,0.31698166534739125
141,1708.5,2265.3199999999997,0.3160092530532449
142,1774.0,2272.3199999999997,0.31504380667946885
143,1624.5,2179.7999999999997,0.3140863558431109
144,1708.0,2186.0,0.3131403317920035
145,1729.5,2322.16,0.31219974643844955
146,1794.5,2460.16,0.31127341855407437
147,1762.0,2329.92,0.31035561197703543
148,1822.5,2369.08,0.3094439964992929
149,1805.0,2324.5599999999995,0.30852948144518716
150,1847.5,2348.5999999999995,0.3076395185480565
151,1888.5,2360.6399999999994,0.3067485859599691
152,1843.5,2566.1999999999994,0.30585699428164465
153,1971.5,2608.3199999999997,0.3049895469603044
154,2081.0,2596.0799999999995,0.30412670619529353
155,2014.0,2643.64,0.30326836805217994
156,2013.5,2671.3999999999996,0.30241300791441716
157,2032.5,2608.5199999999995,0.30156304259283984
158,2036.5,2781.5599999999995,0.30072861759313685
159,2123.0,2715.6399999999994,0.29990886986172516
160,2085.0,2812.3199999999997,0.29908168918849215
161,2196.0,2907.719999999999,0.29825840401838977
162,2144.5,2736.68,0.29745638386448664
163,2223.5,2825.1999999999994,0.2966589124948216
164,2164.0,2922.44,0.29585086417288553
165,2272.5,3004.3599999999997,0.2950667043709197
166,2280.0,3098.16,0.2942751137003388
167,2408.5,2867.2,0.2934977967884367
168,2309.0,2958.8799999999983,0.2927324643281458
169,2310.5,3182.5999999999995,0.2919706140093607
170,2307.0,2918.12,0.2912056411609411
171,2410.5,3256.72,0.29046441940343054
172,2366.0,3202.12,0.2897113014848105
173,2521.0,3259.5599999999995,0.2889759535966386
174,2482.0,3282.6399999999994,0.28823553515723427
175,2605.0,3348.7999999999997,0.2875022406422825
176,2583.5,3396.6399999999994,0.2867754285487187
177,2533.5,3317.3599999999988,0.28606216237605486
178,2628.0,3360.96,0.2853529447075165
179,2565.0,3412.3199999999997,0.2846470109363432
180,2742.5,3628.7199999999984,0.2839395192855412
181,2672.0,3397.7999999999993,0.2832439132547565
182,2674.5,3527.3199999999997,0.2825529526272498
183,2789.5,3728.12,0.2818627602158512
184,2753.0,3710.0799999999995,0.28118250128821193
185,2851.5,3845.7999999999997,0.2805111576058374
186,2915.0,3739.6799999999994,0.2798349368550134
187,2903.5,3935.0399999999995,0.2791703086789965
188,2892.5,4038.4799999999996,0.2785089021177171
189,2831.0,3843.5599999999995,0.27784637446758914
190,3086.0,3897.56,0.27719518061667336
191,2880.5,3900.4399999999996,0.27654816422221884
192,3062.0,3996.2399999999993,0.27590433583684476
193,3032.5,3947.9599999999996,0.27526723031399175
194,3045.5,4159.24,0.27463757157177077
195,3217.0,4190.279999999999,0.2740089453447474
196,3192.5,4319.5599999999995,0.2733788608130953
197,3162.0,4328.959999999999,0.2727531001104284
198,3246.0,4159.32,0.2721465881116182
199,3271.0,4313.119999999999,0.271530714491624
200,3174.5,4584.5599999999995,0.27091956754733804
201,3248.5,4387.08,0.2703144711619795
202,3454.0,4546.679999999999,0.26971151655884207
203,3422.5,4521.08,0.26911951967270265
204,3480.5,4518.08,0.2685267396927093
205,3522.0,4870.639999999999,0.2679377463349945
206,3457.5,4387.16,0.26735233625575006
207,3527.5,4660.959999999999,0.26677259930271724
208,3561.5,4964.56,0.2661940588152474
209,3595.5,4767.6399999999985,0.265623700301459
210,3538.0,4846.599999999999,0.2650560756583047
211,3799.0,5056.24,0.264493175306142
212,3739.5,4646.719999999999,0.2639314715896177
213,3524.5,5136.6399999999985,0.26337215060509406
214,3575.5,4778.719999999999,0.26281524917038307
215,3661.5,5175.08,0.2622629971967729
216,3820.0,5455.48,0.2617148104130964
217,3624.5,5057.639999999999,0.2611732638487912
218,3915.0,5135.959999999999,0.26063326661969394
219,3936.0,5157.959999999999,0.26009517016990125
220,3933.5,5708.919999999999,0.2595602265285189
221,4003.0,5173.92,0.2590259907574947
222,3974.5,5452.839999999999,0.2585015302195998
223,3956.0,5618.519999999999,0.25797914611527145
224,4037.5,5488.799999999999,0.2574529791569262
225,4165.0,5414.92,0.2569369235848909
226,4243.5,5506.2,0.2564244944331102
227,3954.0,5224.0,0.25591348613372833
228,4187.5,5706.599999999999,0.25540275596092304
229,4357.0,5685.159999999999,0.25489902449479934
230,4404.5,6018.4,0.25439244149138945
231,4260.0,5516.039999999999,0.2538993246787634
232,4397.5,5839.5199999999995,0.25339482527531615
233,4293.0,5654.96,0.25290523749880833
234,4439.5,5744.5999999999985,0.25241817485721724
235,4570.5,6680.6,0.25192968377600644
236,4467.0,6057.359999999999,0.25144301651820417
237,4736.0,5892.839999999999,0.2509593320585785
238,4491.5,6108.92,0.25047939417710374
239,4714.0,5955.959999999999,0.2500043776190091
240,4768.5,6390.44,0.2495312966593097
241,4603.5,6182.399999999999,0.2490603902309234
242,4550.0,6508.479999999999,0.24859131341698631
243,4663.0,6361.5199999999995,0.2481292796287686
244,5040.5,6713.039999999999,0.2476635840116508
245,4885.0,6369.88,0.24720629239162242
246,5102.0,6759.279999999999,0.24674240146201254
247,4743.0,6626.919999999998,0.246290560686568
248,4830.0,6583.199999999998,0.24583788650816954
249,4989.5,6858.279999999998,0.2453899332605919
250,4973.0,6443.399999999999,0.2449391497927088
251,5261.0,7048.92,0.24449346079304227
252,4920.0,7133.759999999999,0.24405013826423952
253,5165.5,6804.5999999999985,0.2436107275531542
254,5217.0,7087.040000000001,0.24317528114579373
255,5303.5,7565.639999999998,0.24273577219337242
256,5566.5,7449.039999999999,0.24230132973310584
257,5458.0,6957.279999999999,0.2418724863361781
258,5270.5,7160.279999999998,0.24144202288910532
259,5392.0,7092.28,0.24102206239828636
260,5255.0,7214.5599999999995,0.24059271628915826
261,5575.0,7493.4,0.2401730286336441
262,5718.0,7584.639999999999,0.23975141856620252
263,5438.5,7616.199999999999,0.23933762070469802
264,5518.0,7646.96,0.23891951620308394
265,5637.5,7514.759999999999,0.23850720267799108
266,5473.0,7416.48,0.23809676060747745
267,5624.0,8375.24,0.2376885271815211
268,5692.5,7637.639999999999,0.23728075815758431
269,5829.5,7979.999999999996,0.2368773145645289
270,5674.5,7537.879999999999,0.23647226698974969
271,5975.5,8328.199999999997,0.23607498408541547
272,5846.5,8434.88,0.23567632840947417
273,5792.0,7757.6399999999985,0.23527974082725103
274,5803.0,7908.16,0.23488505067752546
275,6232.0,8417.8,0.23449625041076977
276,6330.5,8385.880000000001,0.23410299723793687
277,6359.0,8458.64,0.23371583725503092
278,6146.5,8544.039999999999,0.2333261887228606
279,6402.5,8622.559999999998,0.2329444698301886
280,6324.0,8607.039999999997,0.23255978984332118
281,6251.0,8409.0,0.23218254992985143
282,6349.0,8410.56,0.2318010447148339
283,6594.0,9481.8,0.2314245947388398
284,6895.5,9736.279999999999,0.2310484565788505
285,6941.5,8977.96,0.23067870476801566
286,6365.5,8184.759999999999,0.2303048442882157
287,6666.0,8632.52,0.22993593596647022
288,6414.5,9324.48,0.22956834723084038
289,6849.0,9220.199999999997,0.2292040113826133
290,6638.5,9230.119999999999,0.22883751201805752
291,6830.0,8604.08,0.2284759524632236
292,6809.0,9186.839999999998,0.22811517762321928
293,6980.5,9661.72,0.22775653835931647
294,6903.0,9449.279999999999,0.22739944019654215
295,7259.5,9708.52,0.22704409520596275
296,6796.0,8987.56,0.22668700214323714
297,7273.5,9573.919999999998,0.22633723443103004
298,6897.0,9285.88,0.22598556384407598
299,6994.5,9918.96,0.22563862585311292
300,7249.0,9915.279999999999,0.22528836948932499
301,7403.0,9578.399999999998,0.2249452910504394
302,7301.5,9779.879999999997,0.22459683180952184
303,7522.5,10329.839999999997,0.22425559342837947
304,7257.5,9945.2,0.2239151999322813
305,7449.0,10628.119999999999,0.22357561349541677
306,7676.5,10373.999999999998,0.2232384228253332
307,7491.0,10191.599999999999,0.22290481670806572
308,7609.5,10411.599999999999,0.22256612825626848
309,7761.5,10379.6,0.2222349783273599
310,7653.0,11156.239999999998,0.22190125637114774
311,7848.5,10357.08,0.22157451399108893
312,7729.5,10070.759999999998,0.22124128822464073
313,8039.0,10727.64,0.22091672042816324
314,7999.0,10433.4,0.2205892915650946
315,7897.0,10599.24,0.22026727648739375
316,7980.0,11112.08,0.21994002552998249
317,7919.0,11211.679999999998,0.21962237472844695
318,8135.0,11247.72,0.21929876030506754
319,7994.0,11101.679999999997,0.21898247959404094
320,8358.5,11144.999999999998,0.21866426155886326
321,8078.0,11371.679999999998,0.2183474733238888
322,8004.0,11428.639999999992,0.2180337094409874
323,8533.5,11787.239999999998,0.21772195090464647
324,8397.0,12718.48,0.21740919215950213
325,8385.0,11593.239999999998,0.21709905784023897
326,8676.0,12574.48,0.21678816387603322
327,8262.0,11395.48,0.21648070826145324
328,8643.5,11468.599999999999,0.21617313541476127
329,8722.5,11856.68,0.21587151127449208
330,8744.0,12379.039999999999,0.21556306203532227
331,8816.0,12034.8,0.21526364531757267
332,8820.5,12182.639999999998,0.21496100592795508
333,8989.0,11930.8,0.2146604005920115
334,8621.5,12734.399999999998,0.21436315971556483
335,9122.0,12652.799999999996,0.21406635575192237
336,8963.0,12238.279999999999,0.2137687492556917
337,9373.5,12037.96,0.21347288317722082
338,9222.5,12023.159999999998,0.21317968438932555
339,9320.0,11929.519999999999,0.21288710166094896
340,9231.0,12013.279999999999,0.21259482368801186
341,9085.5,12604.639999999998,0.21230612707848504
342,9112.0,12872.919999999998,0.21201563766117124
343,9408.0,12301.919999999998,0.2117290850212331
344,9705.0,12958.799999999997,0.211442213176308
345,9327.5,12632.479999999996,0.21115804434058993
346,9277.5,12762.079999999998,0.21087085443415743
347,9272.5,12903.48,0.2105909497581991
348,9975.0,13467.16,0.21030649173727656
349,9922.0,13231.32,0.21002683496073715
350,9710.5,13757.8,0.2097457108135975
351,9661.5,12766.439999999999,0.20946800843151367
352,9755.0,13783.32,0.20918932423441197
353,10501.0,13862.879999999997,0.2089148791706886
354,9776.0,13111.439999999999,0.20863800872381633
355,9962.5,13898.919999999996,0.20836536983410836
356,9912.5,13254.119999999999,0.20809103899600312
357,10044.0,14319.399999999996,0.20782039958916454
358,10173.0,13912.800000000001,0.2075471579511444
359,10262.0,14349.44,0.20727667687246498
360,10456.5,13912.039999999997,0.20700793547489668
361,10227.5,13626.0,0.20674368625220027
362,10586.0,14329.32,0.206474589155119
363,10361.0,14529.039999999997,0.20620863679421766
364,10594.0,14134.48,0.20594507448623284
365,10641.5,15354.76,0.2056808948434632
366,10417.5,13505.439999999999,0.205417224258285
367,10735.0,14418.159999999998,0.2051562456435453
368,10979.0,14717.88,0.20489545497355197
369,11140.0,15377.119999999995,0.2046362091531415
370,10954.5,15387.68,0.20437740827271955
371,11027.5,14741.439999999999,0.20411991988183445
372,11596.0,15248.439999999999,0.20386262344355768
373,11264.5,15209.919999999998,0.20360683957269748
374,11480.0,16101.68,0.2033510096930697
375,11232.0,15823.519999999999,0.2030984678036501
376,11251.0,14628.72,0.20284616624261617
377,11472.0,15936.52,0.20259270584728237
378,11473.0,15612.199999999997,0.20234326926886811
379,11577.5,16473.96,0.202092052528805
380,11652.5,16107.84,0.2018435351392208
381,11689.0,15708.279999999995,0.20159462841166043
382,12325.5,16369.439999999999,0.20134744841863259
383,11924.5,16083.68,0.2011020401299706
384,11480.0,16145.079999999998,0.20085548256893956
385,11646.5,15081.959999999995,0.20061217011776622
386,11884.0,16402.4,0.20036850731460207
387,12313.0,16451.6,0.20012652313087403
388,11417.5,16601.2,0.19988346775452176
389,12312.5,15930.96,0.1996444064197153
390,12199.0,16434.52,0.19940193098598546
391,12368.5,16354.039999999997,0.1991625592028295
392,12574.0,18464.08,0.19892457634364435
393,12624.5,18261.92,0.19868704750107816
394,12249.0,17038.72,0.1984498871032182
395,12350.5,15648.4,0.19821524691000808
396,12543.5,17071.919999999995,0.19797997976325912
397,13051.0,16961.479999999996,0.1977459154112643
398,12745.0,16688.52,0.19751219649071516
399,12322.0,17512.0,0.1972798147740005
400,12725.5,17417.44,0.19704810777329942
401,12497.0,17245.479999999996,0.19681811017587525
402,12793.0,17063.559999999994,0.19658745932026891
403,12770.0,17639.12,0.19635861231261015
404,13299.0,18241.839999999997,0.19613030676190304
405,12993.5,18094.239999999994,0.19590327186786655
406,13013.5,18688.6,0.1956752282742573
407,13103.5,18542.28,0.19545037761376824
408,12728.5,17545.839999999997,0.19522402635509348
409,14251.5,18609.64,0.1949994649727999
410,13512.0,18512.56,0.19477700490594643
411,13692.5,19047.28,0.19455436054048988
412,13325.0,18269.559999999998,0.19433153079181112
413,13670.0,18079.800000000003,0.1941096094282187
414,13905.5,19430.319999999992,0.19388960461705607
415,13677.0,18743.879999999997,0.19366904802717474
416,13847.0,18565.199999999997,0.1934510726622142
417,14077.0,19669.399999999998,0.19323223101602122
418,13020.0,19285.52,0.19301487820859578
419,14264.0,19079.12,0.1927988079198697
420,13780.0,19111.519999999997,0.19258095634282132
421,13701.0,19599.72,0.19236645693893503
422,13942.0,18584.399999999998,0.1921516533417453
423,14075.0,20052.559999999998,0.19193912785272263
424,14400.0,20993.96,0.1917245646664513
425,14372.5,18966.64,0.19151349315578126
426,14010.5,19959.72,0.19129961145268007
427,14578.0,19746.079999999998,0.19108929232909902
428,14409.0,19510.399999999998,0.1908788110996122
429,14181.5,20749.64,0.1906692238635878
430,14333.0,20344.64,0.19046028515433208
431,15018.0,19715.439999999995,0.19025158531574543
432,15016.5,20291.04,0.19004488109895637
433,15579.5,21400.159999999996,0.18983739669877128
434,14880.0,19882.72,0.18963050830138248
435,14485.0,19048.28,0.18942623006099216
436,14702.5,20788.28,0.18922025057597003
437,14687.5,21442.319999999996,0.1890165319539154
438,15567.5,22101.76,0.18881135163486823
439,15094.5,21237.039999999994,0.18861000448408205
440,15004.0,20913.36,0.18840636308858924
441,15295.5,21323.76,0.18820574678993404
442,15872.5,20605.559999999998,0.1880049392445808
443,15660.0,21511.519999999993,0.1878045764334831
444,16332.0,21388.839999999997,0.18760429364444717
445,15018.5,20876.319999999996,0.18740529936454345
446,15722.5,23640.559999999998,0.18720719431735106
447,15721.5,20931.759999999995,0.1870085417239888
448,16348.5,22122.6,0.18681221646435758
449,16841.5,23266.92,0.186614193862917
450,15932.0,21510.52,0.1864203223484558
451,15590.0,21337.6,0.18622464569945874
452,15810.0,22552.959999999995,0.18602927458213328
453,15388.5,23516.199999999997,0.1858354444058385
454,16287.0,22387.8,0.18564141234751727
455,16607.5,22629.799999999996,0.1854494639070712
456,16590.0,21232.559999999998,0.18525681004442038
457,16570.0,22991.96,0.18506560332806282
458,16869.0,23032.92,0.18487375728712332
459,16388.5,22283.32,0.1846834945376521
460,17049.0,22690.92,0.18449399349710285
461,16608.0,23567.96,0.1843050759321995
462,16875.0,23257.959999999995,0.18411544937703378
463,17400.5,24614.92,0.18392694601979212
464,16891.0,22164.28,0.18374098120728086
465,16752.0,24070.479999999996,0.1835532157155482
466,17075.0,22589.559999999998,0.18336682075789776
467,16813.5,24918.440000000002,0.1831815243375935
468,17526.5,22654.719999999994,0.18299615705524236
469,18090.5,26079.56,0.18281062388135488
470,17606.0,24314.28,0.18262679836786627
471,16977.0,22811.959999999992,0.18244337534209457
472,17429.0,22668.36,0.18225964464388716
473,18605.0,24277.96,0.18207816509794048
474,16526.5,24579.96,0.1818954007217323
475,17147.0,25733.44,0.18171465370882206
476,17951.0,23933.799999999996,0.18153360570502716
477,18454.5,25061.04,0.1813541259905647
478,17709.0,24401.199999999986,0.18117384289816013
479,18969.5,26710.8,0.1809948972326364
480,18648.5,25486.199999999997,0.1808157662112235
481,18422.5,24653.039999999994,0.180636960506797
482,18659.5,26777.239999999987,0.18046055964836058
483,17645.0,25118.6,0.18028305904497813
484,19220.5,24216.799999999996,0.18010691636735648
485,18506.5,25240.359999999993,0.17993069773105722
486,19409.0,25714.96,0.1797554426091251
487,19352.5,26449.92,0.17958045713781862
488,19632.5,24806.319999999992,0.1794062707617235
489,18930.5,25654.279999999995,0.17923183404413656
490,18869.0,26085.519999999997,0.17905762341496484
491,18353.5,26236.08,0.178885751766637
492,19542.5,27189.879999999997,0.17871293757182283
493,19619.0,27010.28,0.17854057297280745
494,19201.5,26123.47999999999,0.17836902171815985
495,19376.5,25863.239999999998,0.17819841574670453
496,19439.5,26373.239999999998,0.17802795804009233
497,20192.5,27323.200000000004,0.1778584732946217
498,19989.5,28096.56,0.17768846393284637
499,19240.5,28262.12,0.17751954592266941
500,20663.5,28478.519999999997,0.17735127674964496
501,19109.0,28496.879999999994,0.17718300664797523
502,19034.5,26349.480000000003,0.17701527420357732
503,19440.0,27525.960000000003,0.17684803397398427
504,18980.5,27258.879999999997,0.17668195207728382
505,21003.5,28533.480000000003,0.17651562521655415
506,19847.5,28094.760000000002,0.1763498327361033
507,20329.0,27906.159999999996,0.1761845040215316
508,19735.0,26443.759999999995,0.1760194499591732
509,21139.0,27758.719999999998,0.17585516734013598
510,21012.5,29912.879999999997,0.17569071412130127
511,20301.5,27880.160000000003,0.17552893625287513
512,20275.5,28785.279999999995,0.1753652038761198
513,20203.5,28742.879999999997,0.17520328134975555
514,21344.5,29077.639999999996,0.17504084869409822
515,21055.0,29085.399999999994,0.17487933869919142
516,19607.0,27615.64,0.1747179974463657
517,21284.5,28427.28,0.17455768513685022
518,21591.0,28472.760000000002,0.17439745405385168
519,22417.5,30109.759999999995,0.1742373895382775
520,21898.5,29158.239999999994,0.17407844874790582
521,21593.5,28345.72,0.17391911118199146
522,20992.0,29352.759999999995,0.17376120790386398
523,21390.5,28535.999999999996,0.17360276136272426
524,21493.0,28435.560000000005,0.17344577821035143
525,21899.5,29882.239999999998,0.17328800673646336
526,20912.5,27889.679999999993,0.17313068113784674
527,22393.5,30372.199999999997,0.1729749311284223
528,22472.0,31684.28,0.1728189570926529
529,22968.0,31055.839999999997,0.17266363118624511
530,22216.5,31316.959999999985,0.17250822855312622
531,22471.0,30313.759999999995,0.1723548937376301
532,22626.0,32274.559999999994,0.17219960383614352
533,21742.0,30359.039999999994,0.17204636190342956
534,22000.5,33661.92,0.17189230205358189
535,22279.5,30575.879999999997,0.17173936103457407
536,22250.0,31751.639999999992,0.17158708214718862
537,21726.5,31464.55999999999,0.1714351187868584
538,21975.0,31488.319999999992,0.1712830898454623
539,22732.5,31091.519999999993,0.17113226248725213
540,22818.5,32670.759999999995,0.17098104115850135
541,22154.5,32313.519999999997,0.170830632412951
542,23086.5,32130.92,0.17068014862849296
543,24151.0,32538.399999999994,0.1705305855020774
544,24317.5,33189.36,0.17038075393555033
545,23583.0,32068.92,0.17023235228760342
546,22805.0,32221.760000000002,0.17008367143831846
547,23929.5,32419.839999999997,0.16993569402146552
548,23472.5,34153.03999999999,0.16978719381563817
549,24286.5,33053.32,0.16964093441780914
550,24293.0,33915.479999999996,0.16949279745734902
551,24149.0,33024.079999999994,0.16934714502639903
552,23855.0,35529.31999999999,0.16920078316172113
553,23792.0,34663.759999999995,0.16905524110878195
554,23318.5,33365.44,0.16890919906996493
555,25052.5,34223.36,0.1687640470426556
556,24717.0,32336.0,0.16861972545559695
557,26519.0,33885.079999999994,0.1684751389501269
558,24434.5,33300.64,0.16833134304194622
559,25347.5,35220.399999999994,0.16818696060968763
560,25650.0,33344.399999999994,0.16804466915180677
561,25407.0,35173.55999999999,0.1679013415106307
562,24535.0,31728.679999999986,0.16775890528682913
563,23842.0,33693.23999999999,0.16761659594793546
564,24299.5,36238.119999999995,0.1674749089344948
565,25859.5,35144.32,0.16733369642764134
566,26042.0,35603.399999999994,0.16719225024755222
567,26323.5,35246.639999999985,0.16705206237705428
568,26174.0,34544.6,0.16691145386103381
569,25508.0,36198.84,0.16677172675603127
570,26453.5,35285.35999999999,0.16663123092790286
571,26666.0,36810.36,0.1664922094014891
572,25727.5,35787.44,0.16635340341533797
573,25832.5,35080.72,0.16621472286573513
574,25223.5,37897.67999999999,0.1660769927827167
575,25133.5,35894.399999999994,0.16593862318538702
576,27035.5,34616.71999999999,0.16580140147482209
577,27245.0,39243.759999999995,0.16566423234556535
578,26635.0,37041.43999999999,0.1655272619423595
579,26440.0,36064.0,0.16539039051730411
580,25963.0,36950.67999999999,0.16525445181562742
581,26287.5,35923.479999999996,0.16511880394224093
582,26590.0,38780.28,0.16498258720644368
583,25927.5,34249.880000000005,0.1648479325592312
584,25860.5,35269.84,0.16471216061068653
585,26937.0,36452.99999999999,0.16457891682237463
586,26145.5,36664.52,0.1644442346832974
587,26716.0,38888.759999999995,0.16431042873770452
588,26899.5,37966.03999999999,0.16417683855651571
589,27767.5,35935.32,0.1640438950028284
590,26677.0,38849.31999999999,0.1639103402261077
591,27931.5,38033.72,0.1637776726893361
592,26062.0,37608.399999999994,0.16364592974699038
593,26868.0,36199.479999999996,0.16351366895390998
594,27104.5,38711.399999999994,0.1633823978070825
595,28611.0,37491.799999999996,0.1632509329020042
596,27517.0,37809.11999999999,0.16312006614240218
597,27301.5,40299.64,0.1629893806666963
598,29638.0,39535.799999999996,0.16285882550555822
599,28036.0,39812.759999999995,0.16272914107948358
600,29041.5,38087.28,0.16259943337747537
601,29628.0,41394.96,0.16247020334178852
602,28185.5,38927.76,0.162340806017118
603,26284.0,37729.479999999996,0.16221176585598354
604,28166.0,41017.03999999999,0.1620833957949705
605,28367.0,40435.52,0.16195517466155343
606,29300.5,40880.8,0.161827504040477
607,29347.0,40406.67999999999,0.16169983812437996
608,29364.0,42540.11999999999,0.16157265547073935
609,29318.0,40394.2,0.1614456629800592
610,30092.5,39018.119999999995,0.161319093405455
611,28779.5,42261.44,0.1611924553069045
612,27999.5,40169.87999999999,0.16106708007443163
613,30394.0,42419.99999999999,0.1609415741869051
614,29707.0,39951.04,0.16081539335128037
615,31191.5,43107.43999999999,0.16069012278659192
616,30743.5,40722.28,0.1605652357463659
617,30288.5,41577.759999999995,0.1604410699124368
618,30148.0,40999.64,0.16031625354731832
619,31997.0,41173.0,0.16019243710305284
620,30098.0,43495.63999999999,0.16006887609913267
621,30597.0,38600.159999999996,0.15994594016977795
622,31790.5,44992.87999999999,0.15982202519517666
623,30024.0,40324.12,0.15969922557915217
624,31175.5,43284.479999999996,0.1595770159312471
625,31791.0,42520.51999999999,0.15945456041233036
626,30813.5,41428.64,0.1593320389552239
627,31650.0,45348.759999999995,0.15921089023825571
628,29711.0,42431.35999999999,0.15908927820064117
629,32681.5,41869.92,0.1589682582056394
630,31271.5,41832.36,0.1588474583279087
631,32161.0,46223.159999999996,0.15872663859426606
632,31525.0,46838.51999999999,0.1586062654742041
633,31747.5,45366.08,0.1584864673079478
634,32585.0,44366.119999999995,0.1583664648630104
635,31472.5,42098.88,0.15824692513528646
636,33403.5,42813.679999999986,0.15812749705132156
637,32963.0,44576.44,0.15800879234510976
638,32285.0,41133.51999999999,0.15788982148068412
639,33687.5,47299.92,0.15777147658278448
640,32328.0,43690.159999999996,0.15765335582033643
641,31737.0,44282.43999999998,0.15753529027806407
642,32991.0,46313.6,0.1574176313308401
643,33075.0,44233.479999999996,0.15730020736242067
644,30115.0,44418.880000000005,0.15718322539594415
645,32016.0,46426.119999999995,0.1570663226838378
646,32541.0,45508.44,0.15694995866181824
647,31997.5,44920.719999999994,0.15683353923564508
648,30556.5,45189.92,0.15671739640877955
649,32985.5,47170.399999999994,0.1566018272503373
650,34794.5,49908.15999999999,0.1564859312343142
651,34473.5,43678.52,0.15637048452173788
652,33909.0,46694.08,0.15625570689067061
653,32496.5,47349.64,0.15614114578470467
654,36133.5,47783.719999999994,0.15602624254238506
655,35302.0,46450.15999999997,0.1559121125348119
656,32115.5,44488.24,0.15579759111625224
657,33450.0,48960.96,0.15568449396144204
658,33935.5,47753.399999999994,0.15557062623682966
659,34674.0,46566.719999999994,0.15545701477291965
660,35244.5,47287.84,0.15534397922106769
661,34927.5,48661.56,0.15523166102596767
662,35553.5,47212.83999999998,0.15511852567733925
663,34488.0,49482.55999999999,0.1550066892039252
664,35408.0,48933.0,0.1548941335613485
665,33945.0,48404.919999999984,0.1547824795667604
666,33667.0,50965.759999999995,0.1546708265800437
667,32955.5,44803.84,0.15456003488450265
668,34603.0,48951.399999999994,0.15444842677202977
669,34773.0,49773.88,0.15433794975002432
670,36019.5,48355.31999999999,0.15422711459262534
671,35556.5,47684.200000000004,0.15411670101319003
672,36197.5,48156.399999999994,0.1540063722294041
673,35457.0,51091.47999999999,0.15389678571625703
674,33782.5,46725.2,0.15378698939246122
675,34543.0,47885.64,0.15367770039023346
676,37021.0,47855.67999999996,0.15356815310268881
677,34862.0,48175.759999999995,0.153459802435805
678,34686.0,52645.92,0.15335057083160858
679,35558.5,50143.04,0.15324227050667874
680,35637.0,53643.55999999999,0.15313370702444212
681,35830.5,48531.92,0.15302604354409294
682,35768.0,49702.03999999999,0.15291797786751735
683,35125.0,50106.55999999999,0.15281025272008092
684,36270.0,49199.0,0.15270298203699692
685,36610.5,48023.44,0.1525960306901773
686,35024.5,49281.47999999998,0.1524889900626852
687,36034.5,49828.87999999998,0.1523824734743052
688,37129.0,52009.28,0.15227622752269288
689,37256.0,49185.6,0.15217020733901773
690,37165.0,51913.95999999999,0.15206383071418336
691,38557.0,56056.32,0.1519582923704859
692,37721.0,52777.67999999997,0.151852118649413
693,38291.5,50837.04,0.15174759572204466
694,37574.0,51785.359999999986,0.15164193264815007
695,36965.0,50647.999999999985,0.15153736632508316
696,37861.5,54045.759999999995,0.1514322778490775
697,39056.5,55790.28,0.15132812613460445
698,36896.5,49800.08,0.15122340608276458
699,38945.0,56133.95999999999,0.15111973928079112
700,37586.5,54342.44,0.15101569156346
701,37943.5,52205.67999999999,0.15091233326140713
702,40215.5,57534.639999999985,0.15080915463667138
703,37898.0,56172.11999999998,0.15070556214270936
704,37508.0,53617.03999999999,0.15060243113822186
705,39599.5,54284.04,0.15049995605786876
706,37933.5,54308.36,0.15039719176503996
707,38004.0,54257.56,0.150295082216584
708,40500.5,56375.44,0.15019270192584724
709,40020.0,57573.479999999996,0.1500912390264702
710,39685.0,56935.880000000005,0.14998918022549082
711,38483.5,52284.95999999999,0.14988800757867912
712,39493.0,56313.83999999999,0.14978620895922318
713,40057.0,54422.439999999995,0.14968554794049807
714,38686.5,55591.28,0.1495844496387799
715,37694.0,53965.64,0.14948392008226002
716,40346.0,56441.8,0.1493831154265592
717,39654.0,56262.59999999999,0.14928291759683937
718,41989.5,63744.56,0.14918305072627858
719,40177.0,57912.28,0.14908297213477373
720,41953.0,59292.68000000001,0.14898334330410595
721,41273.0,56117.560000000005,0.14888410591829218
722,40730.0,57816.56,0.14878462021207123
723,42352.0,59201.03999999999,0.14868591979926193
724,42282.0,57628.03999999999,0.14858688571207151
725,41510.0,60760.03999999999,0.14848830835080937
726,42712.5,59215.47999999998,0.14838931972711353
727,40841.0,59168.2,0.14829168963001269
728,43164.5,58464.44,0.14819332562591925
729,41092.0,56867.03999999999,0.1480956182385887
730,43164.5,58955.95999999999,0.14799766179610077
731,40355.5,60033.759999999995,0.14790020904347165
732,40309.0,57472.31999999999,0.14780254163104817
733,43233.0,58316.2,0.14770587943168123
734,43323.0,58036.359999999986,0.1476088447015306
735,43362.0,59441.0,0.14751225950551003
736,44408.0,61724.56,0.14741556831362723
737,43392.5,61664.99999999999,0.14731899244294244
738,44511.5,60579.399999999994,0.14722295687181425
739,42175.5,58645.04000000001,0.14712693140515878
740,44105.5,62943.72,0.14703075821563805
741,43090.0,62849.95999999999,0.146935511583522
742,41551.0,59205.52,0.14684028899694287
743,42635.0,57278.59999999999,0.14674521336623
744,44408.0,59020.159999999974,0.1466496898971549
745,43362.0,61077.079999999994,0.1465551005919571
746,43302.0,63192.64,0.14646047907976645
747,41764.0,61058.159999999996,0.14636592713570437
748,42880.5,61472.600000000006,0.1462715740367264
749,43542.0,63612.59999999999,0.14617736721808386
750,41513.0,59871.19999999999,0.1460834764323595
751,43138.5,58238.119999999995,0.14598974770455866
752,43078.5,63484.03999999998,0.14589612745852173
753,42198.0,59583.87999999999,0.1458025549970279
754,45325.5,60496.279999999984,0.1457094915329239
755,42743.0,61098.55999999999,0.14561667201614056
756,45666.0,64509.12,0.14552359503893625
757,46127.0,62945.23999999999,0.14543087662568008
758,46129.5,64353.12,0.1453384925963233
759,44764.0,61728.03999999999,0.14524610773505964
760,42415.5,63021.039999999986,0.14515382685758674
761,43792.5,63860.240000000005,0.14506194353473523
762,44724.0,61625.31999999999,0.14497015217497294
763,46578.0,61301.999999999985,0.1448788314739346
764,47076.5,66269.59999999999,0.1447871389329294
765,46427.5,65376.399999999994,0.1446960422102197
766,45253.5,66288.76,0.14460478318051673
767,45291.0,63261.67999999999,0.14451393861448414
768,46091.0,62196.31999999999,0.1444229260063498
769,44724.5,63497.03999999999,0.14433255062376385
770,46765.5,65485.04000000001,0.14424214601473895
771,44185.0,65928.16,0.14415198309627636
772,46769.5,64180.76,0.1440615112518468
773,43952.5,63858.719999999994,0.14397189031204877
774,43764.0,62686.36,0.14388206548071508
775,44609.0,64916.12,0.14379257773527376
776,47676.5,64814.84,0.14370282664075615
777,46427.5,64792.479999999996,0.14361382702353498
778,49087.5,69437.71999999999,0.14352469573540255
779,45258.5,67932.6,0.14343584102256732
780,47616.5,67795.72,0.14334706901838115
781,46269.0,66204.8,0.14325818741858568
782,47759.5,65586.44,0.1431701055641907
783,48112.0,70455.72,0.14308190688827693
784,49989.5,65726.91999999998,0.14299381348527312
785,49458.5,68042.95999999999,0.14290570751640802
786,51521.0,70300.71999999999,0.1428180521407343
787,51357.5,66904.12,0.14273055122061518
788,51887.5,68621.43999999999,0.14264305961899268
789,48304.0,69237.43999999999,0.1425557250434247
790,46999.5,68244.76,0.1424687062827611
791,46864.0,68420.08,0.14238185301813672
792,49856.5,68189.63999999998,0.1422946893067421
793,48054.0,68293.71999999997,0.14220810732590825
794,50022.0,68638.43999999999,0.14212165310810723
795,49171.0,69824.35999999999,0.14203532957881998
796,48356.0,64712.44,0.14194924352578936
797,50190.5,69264.51999999999,0.14186308172127698
798,49147.5,69526.0,0.14177746960064583
799,50933.5,73984.68,0.14169173945138727
800,49691.0,69175.07999999999,0.1416062019056233
801,51368.0,69514.68,0.14152063183230496
802,49327.0,70175.51999999999,0.14143569655732977
803,48391.5,67925.63999999998,0.14135071451039002
804,49976.5,73448.35999999999,0.14126540062059703
805,50490.0,71197.0,0.14118090158085106
806,50587.5,72897.2,0.14109617167052926
807,51976.0,69195.35999999999,0.1410118311611621
808,48843.0,70010.64,0.14092720650796856
809,50302.0,71060.95999999999,0.14084328330684157
810,49993.0,68688.99999999999,0.14075921003952568
811,53117.0,69365.4,0.1406752956713656
812,50668.5,73450.76000000001,0.1405913588352302
813,50714.5,73364.2,0.14050792275230203
814,53346.5,75968.76,0.14042468350533796
815,50037.5,71667.71999999999,0.14034120890420068
816,54199.0,78730.64,0.1402579922677235
817,50339.0,71974.56,0.14017498670815626
818,53345.5,73598.35999999999,0.14009249339890484
819,52681.5,73399.07999999999,0.1400098831696964
820,55646.5,76617.92,0.1399271871698834
821,53679.0,72574.68,0.1398448366833503
822,51311.0,71666.4,0.13976243739870917
823,50769.5,77740.91999999998,0.13968086191365153
824,53470.0,69546.04,0.13959869853294743
825,51192.5,75014.16,0.1395167475260331
826,50951.0,71043.31999999998,0.1394350481658703
827,54570.0,73509.84,0.13935369968834588
828,53950.5,76435.95999999999,0.13927216041070947
829,54044.0,73591.84,0.13919082935275398
830,54710.0,73733.68,0.13910998820290124
831,55508.0,72415.79999999999,0.13902900128993856
832,54071.5,78423.55999999998,0.13894821290261536
833,52538.5,70602.64,0.13886740161768896
834,52691.0,74942.47999999998,0.13878698370974765
835,51958.0,73765.68,0.13870653237812558
836,53027.0,78121.76,0.1386263511089532
837,57817.0,78710.36,0.13854646363026868
838,54530.5,75304.84,0.13846628284442417
839,54403.5,73843.27999999997,0.13838660096795877
840,55953.0,75397.16,0.13830685447623756
841,53630.5,76386.88,0.1382273383982416
842,56115.5,76104.72,0.13814791544280738
843,51475.5,71893.07999999996,0.13806881363682239
844,53533.0,79707.95999999999,0.1379894933512431
845,55919.5,81328.03999999998,0.13791063494079464
846,54264.0,78589.63999999998,0.137831751391477
847,54441.5,75212.92,0.13775296816668017
848,53158.5,79912.2,0.13767421944044125
849,52396.0,76754.67999999998,0.1375958730189246
850,54135.5,80125.83999999998,0.13751752628144348
851,55854.5,79393.8,0.13743946509138008
852,59030.0,82859.39999999998,0.13736120557121004
853,57850.5,82462.75999999998,0.13728320547136114
854,54943.5,79385.91999999998,0.13720546777572057
855,59694.0,79744.2,0.13712806800971244
856,57123.5,82789.72,0.1370503869043756
857,57926.0,77744.63999999998,0.1369730762434349
858,56979.5,77237.11999999997,0.13689569539191557
859,58566.5,84278.99999999999,0.13681880418748815
860,58244.0,82656.79999999999,0.1367415854683518
861,59074.0,84285.83999999998,0.136664604678764
862,59019.0,80796.32,0.13658796262772668
863,58384.0,79286.23999999999,0.13651149533202492
864,58078.5,81589.56,0.13643501035147002
865,57012.0,82320.07999999999,0.13635860473184205
866,59890.5,84615.72,0.1362823599944783
867,59037.5,83493.79999999997,0.1362062542882474
868,59720.0,81656.39999999998,0.13613031052271576
869,61416.0,84422.84,0.1360545267183036
870,58934.0,84816.4,0.1359786754006906
871,58968.0,78805.68,0.1359030637835422
872,61067.0,84162.16,0.13582761843552935
873,59719.5,82543.64,0.1357522343911347
874,59232.5,85015.31999999999,0.1356770830963414
875,60501.5,83608.84,0.13560194244603438
876,61535.0,84017.28,0.13552703507221225
877,59865.5,82438.36,0.13545233402170603
878,61486.5,83237.4,0.13537761765141776
879,56465.5,80115.23999999999,0.13530291434929637
880,61233.5,85673.51999999999,0.13522852125780557
881,58759.5,82530.4,0.13515405362731017
882,61773.0,85385.2,0.13507980591673596
883,57197.0,83458.39999999997,0.135005883751671
884,63187.0,81912.64,0.13493193112948318
885,60569.0,84060.63999999997,0.13485780854942495
886,61209.5,86757.47999999998,0.1347842214767101
887,62195.0,88033.95999999999,0.13471063588948962
888,62031.0,90941.92,0.1346371128078795
889,63048.5,93039.52,0.1345635665770179
890,60402.0,84704.12,0.1344904063983628
891,62567.5,88693.51999999996,0.13441744325564897
892,62421.0,83539.87999999998,0.13434437423297446
893,63648.5,89465.07999999999,0.13427130391920353
894,63302.0,87568.63999999998,0.13419871861120597
895,63199.0,81815.32,0.13412620725874883
896,60882.0,84828.08,0.13405360812336864
897,63871.5,88023.87999999999,0.13398098643898243
898,66624.5,90079.0,0.13390880248859183
899,63399.5,83525.92,0.13383678319580902
900,61714.0,89104.55999999997,0.133764740050452
901,60606.0,86611.59999999999,0.13369271682319417
902,61621.0,85144.23999999999,0.13362090702365578
903,64563.0,90535.51999999999,0.13354914399861306
904,60789.0,91121.08,0.13347764563063538
905,63864.5,93530.0,0.13340604234870684
906,64086.5,82843.07999999999,0.13333467604658206
907,72201.0,95030.64,0.1332632745458625
908,63568.0,86342.28,0.13319234270687252
909,65865.5,89232.68,0.1331212036734663
910,62042.5,87782.04,0.13305027903061337
911,64057.0,94028.47999999997,0.13297947709551075
912,66202.0,91432.84,0.13290902792718765
913,66163.0,95206.64,0.13283826137172455
914,65936.0,98560.4,0.13276785872128266
915,63154.0,88165.91999999998,0.13269749248456597
916,65122.0,87606.12,0.13262716853023548
917,66187.5,88913.64,0.13255694185004463
918,65732.5,89045.04,0.13248712196431253
919,64248.0,86335.68,0.13241727169100256
920,65731.5,89775.63999999998,0.13234747963314797
921,67614.0,98241.56,0.13227774473449683
922,63697.5,92527.15999999996,0.13220803963870323
923,69699.5,88391.07999999999,0.13213860662082208
924,67581.5,94543.35999999999,0.1320694166201438
925,66923.5,98569.87999999999,0.1319999157828699
926,69232.0,98598.12,0.1319309867085143
927,68075.0,96024.07999999999,0.13186184714527663
928,66265.5,86684.23999999999,0.13179287140335608
929,67446.5,99886.6,0.13172394857009892
930,67354.0,92962.36,0.1316554440516065
931,67948.0,96282.64,0.13158676637416744
932,65041.5,94085.15999999999,0.13151845349620475
933,67709.0,92854.39999999998,0.13145004200838054
934,69750.5,99233.07999999999,0.1313816461892751
935,70055.0,96393.64,0.13131356943266467
936,66685.5,96345.48,0.131245494741567
937,71404.0,98617.51999999999,0.1311774534706574
938,66214.0,96733.35999999999,0.13110960711980954
939,66732.5,94442.19999999998,0.13104188145416706
940,70226.5,104616.99999999999,0.13097452638777055
941,70149.0,93031.23999999999,0.13090669157658585
942,65532.5,99341.48,0.13083932206461493
943,66847.0,98913.19999999998,0.1307717371452205
944,69197.0,104637.2,0.1307048445292619
945,69244.5,98709.88,0.13063757972938703
946,71894.5,100463.63999999997,0.13057062012063966
947,69076.0,91010.59999999999,0.13050369413215007
948,67739.5,91990.19999999998,0.13043694783921164
949,72504.0,98182.88,0.1303700938375467
950,68647.0,93436.87999999999,0.13030346096699041
951,70191.0,96408.16,0.13023708343267681
952,66995.5,101946.24,0.13017071470621983
953,71467.5,94435.76,0.13010434813371916
954,70890.0,103445.40000000001,0.13003817850278504
955,71684.5,98576.44,0.1299720563179192
956,69140.0,97141.07999999999,0.12990622048108855
957,70351.0,106252.59999999998,0.1298402006734381
958,74574.5,102328.32,0.12977443764731586
959,70453.0,101291.83999999998,0.1297085822151633
960,73134.5,105461.39999999998,0.1296431042681471
961,68639.0,93637.48,0.12957735372012666
962,74429.5,107465.35999999999,0.1295121595613254
963,73848.5,98176.72,0.12944681327877655
964,70454.5,101391.15999999999,0.1293817131822971
965,70631.0,95260.31999999999,0.1293166182890557
966,73200.0,101551.51999999997,0.1292516962246533
967,73560.5,100125.0,0.12918679908568526
968,74473.0,96824.87999999998,0.12912196643337598
969,74805.0,99920.63999999998,0.12905719749913167
970,74896.0,101145.95999999996,0.12899261284558278
971,74909.0,97604.07999999997,0.12892806459651798
972,73263.0,101878.15999999997,0.12886382090384227
973,73359.0,105821.32,0.1287994066361481
974,71020.5,99039.16,0.12873514303933067
975,75654.5,103284.12,0.12867106720537771
976,74598.0,100565.76000000001,0.12860725914796126
977,75440.5,102234.15999999997,0.12854309347695808
978,77623.0,108164.95999999998,0.12847935703553182
979,73139.5,101658.11999999998,0.128415492004862
980,75298.5,105613.24,0.12835209046946355
981,77190.0,106051.04000000001,0.1282883800492424
982,76109.0,102494.79999999997,0.12822483407299515
983,74199.5,107724.59999999998,0.128161479766416
984,74283.5,106862.27999999998,0.12809837710985517
985,78202.0,105497.6,0.12803499801011706
986,77907.5,106254.84,0.12797200388010993
987,77862.0,99379.75999999998,0.12790903023570238
988,78367.5,111192.20000000001,0.1278460060533184
989,77212.0,108361.64000000001,0.12778333133943026
990,77246.5,106213.47999999998,0.12772079657550353
991,76977.5,107861.28,0.12765800482256232
992,76343.5,112787.72,0.12759557138492508
993,77949.0,114279.04000000001,0.1275330341421644
994,73724.5,106199.51999999999,0.12747072666352444
995,76402.5,103792.92,0.1274084309138523
996,79096.0,104606.55999999997,0.12734640043095258
997,78388.5,109563.12,0.12728410026551065
998,78162.0,111866.55999999998,0.12722224059691747
999,81251.0,108634.40000000001,0.1271603980397022
1000,76103.0,107419.84,0.1270986107062362
